<metadata xml:lang="en"><Esri><CreaDate>20190225</CreaDate><CreaTime>10113500</CreaTime><ArcGISFormat>1.0</ArcGISFormat><SyncOnce>FALSE</SyncOnce><DataProperties><lineage><Process ToolSource="c:\program files\arcgis\pro\Resources\ArcToolbox\toolboxes\Cartography Tools.tbx\GridIndexFeatures" Date="20190225" Time="101135">GridIndexFeatures "P:\Workplace\Interns_and_Students\Conor_Spencer\2019 Mapping\OFBN\Open Data\OFBN_1\OFBN_1.gdb\Grid_1" Plot_2017_NAD1983 INTERSECTFEATURE NO_USEPAGEUNIT # "1 Kilometers" "1 Kilometers" "555243.489430106 11785141.7203466" 677 1242 1 NO_LABELFROMORIGIN</Process><Process ToolSource="c:\program files\arcgis\pro\Resources\ArcToolbox\toolboxes\Analysis Tools.tbx\SpatialJoin" Date="20190226" Time="100035">SpatialJoin Grid_1 Plot_2017_NAD1983 "P:\Workplace\Interns_and_Students\Conor_Spencer\2019 Mapping\OFBN\Open Data\OFBN_1\OFBN_1.gdb\Grid_1_SpatialJoin" "Join one to many" KEEP_ALL "PageName "PageName" true true false 255 Text 0 0,First,#,Grid_1,PageName,0,255;PageNumber "PageNumber" true true false 4 Long 0 0,First,#,Grid_1,PageNumber,-1,-1;Shape_Length "Shape_Length" false true true 8 Double 0 0,First,#,Grid_1,Shape_Length,-1,-1;Shape_Area "Shape_Area" false true true 8 Double 0 0,First,#,Grid_1,Shape_Area,-1,-1;Tier "Tier" true true false 16 Double 6 15,First,#,Plot_2017_NAD1983,Tier,-1,-1;PlotNo "PlotNo" true true false 16 Double 6 15,First,#,Plot_2017_NAD1983,PlotNo,-1,-1;Plot "Plot" true true false 254 Text 0 0,First,#,Plot_2017_NAD1983,Plot,0,254;Descriptio "Descriptio" true true false 254 Text 0 0,First,#,Plot_2017_NAD1983,Descriptio,0,254;Year "Year" true true false 16 Double 6 15,First,#,Plot_2017_NAD1983,Year,-1,-1;UTM "UTM" true true false 16 Double 6 15,First,#,Plot_2017_NAD1983,UTM,-1,-1;Zone "Zone" true true false 254 Text 0 0,First,#,Plot_2017_NAD1983,Zone,0,254;elevation "elevation" true true false 16 Double 6 15,First,#,Plot_2017_NAD1983,elevation,-1,-1;Sample_Yr "Sample_Yr" true true false 5 Long 0 5,First,#,Plot_2017_NAD1983,Sample_Yr,-1,-1;Ownership "Ownership" true true false 50 Text 0 0,First,#,Plot_2017_NAD1983,Ownership,0,50" Intersect # #</Process><Process ToolSource="c:\program files\arcgis\pro\Resources\ArcToolbox\toolboxes\Data Management Tools.tbx\Rename" Date="20190226" Time="100314">Rename "P:\Workplace\Interns_and_Students\Conor_Spencer\2019 Mapping\OFBN\Open Data\OFBN_1\OFBN_1.gdb\Grid_1_SpatialJoin" "P:\Workplace\Interns_and_Students\Conor_Spencer\2019 Mapping\OFBN\Open Data\OFBN_1\OFBN_1.gdb\OFBN_Grid" FeatureClass</Process><Process ToolSource="c:\program files\arcgis\pro\Resources\ArcToolbox\toolboxes\Conversion Tools.tbx\FeatureClassToFeatureClass" Date="20190226" Time="103201">FeatureClassToFeatureClass "P:\Workplace\Interns_and_Students\Conor_Spencer\2019 Mapping\OFBN\Open Data\OFBN_1\OFBN_1.gdb\OFBN_Grid" "P:\Workplace\Interns_and_Students\Conor_Spencer\2019 Mapping\OFBN\Open Data" OFBN_Grid.shp # "Join_Count "Join_Count" true true false 4 Long 0 0,First,#,P:\Workplace\Interns_and_Students\Conor_Spencer\2019 Mapping\OFBN\Open Data\OFBN_1\OFBN_1.gdb\OFBN_Grid,Join_Count,-1,-1;TARGET_FID "TARGET_FID" true true false 4 Long 0 0,First,#,P:\Workplace\Interns_and_Students\Conor_Spencer\2019 Mapping\OFBN\Open Data\OFBN_1\OFBN_1.gdb\OFBN_Grid,TARGET_FID,-1,-1;JOIN_FID "JOIN_FID" true true false 4 Long 0 0,First,#,P:\Workplace\Interns_and_Students\Conor_Spencer\2019 Mapping\OFBN\Open Data\OFBN_1\OFBN_1.gdb\OFBN_Grid,JOIN_FID,-1,-1;PageName "PageName" true true false 255 Text 0 0,First,#,P:\Workplace\Interns_and_Students\Conor_Spencer\2019 Mapping\OFBN\Open Data\OFBN_1\OFBN_1.gdb\OFBN_Grid,PageName,0,255;PageNumber "PageNumber" true true false 4 Long 0 0,First,#,P:\Workplace\Interns_and_Students\Conor_Spencer\2019 Mapping\OFBN\Open Data\OFBN_1\OFBN_1.gdb\OFBN_Grid,PageNumber,-1,-1;Tier "Tier" true true false 8 Double 0 0,First,#,P:\Workplace\Interns_and_Students\Conor_Spencer\2019 Mapping\OFBN\Open Data\OFBN_1\OFBN_1.gdb\OFBN_Grid,Tier,-1,-1;PlotNo "PlotNo" true true false 8 Double 0 0,First,#,P:\Workplace\Interns_and_Students\Conor_Spencer\2019 Mapping\OFBN\Open Data\OFBN_1\OFBN_1.gdb\OFBN_Grid,PlotNo,-1,-1;Plot "Plot" true true false 254 Text 0 0,First,#,P:\Workplace\Interns_and_Students\Conor_Spencer\2019 Mapping\OFBN\Open Data\OFBN_1\OFBN_1.gdb\OFBN_Grid,Plot,0,254;Descriptio "Descriptio" true true false 254 Text 0 0,First,#,P:\Workplace\Interns_and_Students\Conor_Spencer\2019 Mapping\OFBN\Open Data\OFBN_1\OFBN_1.gdb\OFBN_Grid,Descriptio,0,254;Year "Year" true true false 8 Double 0 0,First,#,P:\Workplace\Interns_and_Students\Conor_Spencer\2019 Mapping\OFBN\Open Data\OFBN_1\OFBN_1.gdb\OFBN_Grid,Year,-1,-1;UTM "UTM" true true false 8 Double 0 0,First,#,P:\Workplace\Interns_and_Students\Conor_Spencer\2019 Mapping\OFBN\Open Data\OFBN_1\OFBN_1.gdb\OFBN_Grid,UTM,-1,-1;Zone "Zone" true true false 254 Text 0 0,First,#,P:\Workplace\Interns_and_Students\Conor_Spencer\2019 Mapping\OFBN\Open Data\OFBN_1\OFBN_1.gdb\OFBN_Grid,Zone,0,254;elevation "elevation" true true false 8 Double 0 0,First,#,P:\Workplace\Interns_and_Students\Conor_Spencer\2019 Mapping\OFBN\Open Data\OFBN_1\OFBN_1.gdb\OFBN_Grid,elevation,-1,-1;Sample_Yr "Sample_Yr" true true false 4 Long 0 0,First,#,P:\Workplace\Interns_and_Students\Conor_Spencer\2019 Mapping\OFBN\Open Data\OFBN_1\OFBN_1.gdb\OFBN_Grid,Sample_Yr,-1,-1;Ownership "Ownership" true true false 50 Text 0 0,First,#,P:\Workplace\Interns_and_Students\Conor_Spencer\2019 Mapping\OFBN\Open Data\OFBN_1\OFBN_1.gdb\OFBN_Grid,Ownership,0,50;Shape_Leng "Shape_Length" false true true 8 Double 0 0,First,#,P:\Workplace\Interns_and_Students\Conor_Spencer\2019 Mapping\OFBN\Open Data\OFBN_1\OFBN_1.gdb\OFBN_Grid,Shape_Length,-1,-1;Shape_Area "Shape_Area" false true true 8 Double 0 0,First,#,P:\Workplace\Interns_and_Students\Conor_Spencer\2019 Mapping\OFBN\Open Data\OFBN_1\OFBN_1.gdb\OFBN_Grid,Shape_Area,-1,-1" #</Process><Process ToolSource="c:\program files\arcgis\pro\Resources\ArcToolbox\Toolboxes\Data Management Tools.tbx\DeleteField" Date="20190228" Time="094438">DeleteField OFBN_Grid Ownership</Process><Process ToolSource="c:\program files\arcgis\pro\Resources\ArcToolbox\Toolboxes\Data Management Tools.tbx\DeleteField" Date="20190228" Time="094444">DeleteField OFBN_Grid Sample_Yr</Process><Process ToolSource="c:\program files\arcgis\pro\Resources\ArcToolbox\Toolboxes\Data Management Tools.tbx\DeleteField" Date="20190228" Time="094448">DeleteField OFBN_Grid elevation</Process><Process ToolSource="c:\program files\arcgis\pro\Resources\ArcToolbox\Toolboxes\Data Management Tools.tbx\DeleteField" Date="20190228" Time="094454">DeleteField OFBN_Grid Zone</Process><Process ToolSource="c:\program files\arcgis\pro\Resources\ArcToolbox\Toolboxes\Data Management Tools.tbx\DeleteField" Date="20190228" Time="094500">DeleteField OFBN_Grid UTM</Process><Process ToolSource="c:\program files\arcgis\pro\Resources\ArcToolbox\Toolboxes\Data Management Tools.tbx\DeleteField" Date="20190228" Time="094523">DeleteField OFBN_Grid Join_Count;TARGET_FID;JOIN_FID;PageNumber;Tier;Plot;Descriptio;Year</Process><Process ToolSource="c:\program files\arcgis\pro\Resources\ArcToolbox\Toolboxes\Data Management Tools.tbx\DeleteField" Date="20190228" Time="094531">DeleteField OFBN_Grid Shape_Area</Process><Process ToolSource="c:\program files\arcgis\pro\Resources\ArcToolbox\Toolboxes\Data Management Tools.tbx\DeleteField" Date="20190228" Time="094535">DeleteField OFBN_Grid Shape_Leng</Process><Process ToolSource="c:\program files\arcgis\pro\Resources\ArcToolbox\toolboxes\Conversion Tools.tbx\FeatureClassToFeatureClass" Date="20190228" Time="100453">FeatureClassToFeatureClass OFBN_Grid "P:\Workplace\Interns_and_Students\Conor_Spencer\2019 Mapping\OFBN\Open Data\OFBN_1" OFBN_Grid.shp # "Grid_code "Grid_code" true true false 254 Text 0 0,First,#,OFBN_Grid,PageName,0,254;Plot "Plot" true true false 19 Double 0 0,First,#,OFBN_Grid,PlotNo,-1,-1" #</Process></lineage><itemProps><itemName Sync="TRUE">OFBN_Grid</itemName><imsContentType Sync="TRUE">002</imsContentType><itemLocation><linkage Sync="TRUE">file://\\lrcbikdcapmdw07\MOECC_Projects\Workplace\Interns_and_Students\Conor_Spencer\2019 Mapping\OFBN\Open Data\OFBN_1\OFBN_Grid.shp</linkage><protocol Sync="TRUE">Local Area Network</protocol></itemLocation><itemSize Sync="TRUE">0.000</itemSize></itemProps><coordRef><type Sync="TRUE">Projected</type><geogcsn Sync="TRUE">GCS_North_American_1983_CSRS</geogcsn><csUnits Sync="TRUE">Linear Unit: Meter (1.000000)</csUnits><projcsn Sync="TRUE">NAD_1983_CSRS_Ontario_MNR_Lambert</projcsn><peXml Sync="TRUE">&lt;ProjectedCoordinateSystem xsi:type='typens:ProjectedCoordinateSystem' xmlns:xsi='http://www.w3.org/2001/XMLSchema-instance' xmlns:xs='http://www.w3.org/2001/XMLSchema' xmlns:typens='http://www.esri.com/schemas/ArcGIS/2.2.0'&gt;&lt;WKT&gt;PROJCS[&amp;quot;NAD_1983_CSRS_Ontario_MNR_Lambert&amp;quot;,GEOGCS[&amp;quot;GCS_North_American_1983_CSRS&amp;quot;,DATUM[&amp;quot;D_North_American_1983_CSRS&amp;quot;,SPHEROID[&amp;quot;GRS_1980&amp;quot;,6378137.0,298.257222101]],PRIMEM[&amp;quot;Greenwich&amp;quot;,0.0],UNIT[&amp;quot;Degree&amp;quot;,0.0174532925199433]],PROJECTION[&amp;quot;Lambert_Conformal_Conic&amp;quot;],PARAMETER[&amp;quot;False_Easting&amp;quot;,930000.0],PARAMETER[&amp;quot;False_Northing&amp;quot;,6430000.0],PARAMETER[&amp;quot;Central_Meridian&amp;quot;,-85.0],PARAMETER[&amp;quot;Standard_Parallel_1&amp;quot;,44.5],PARAMETER[&amp;quot;Standard_Parallel_2&amp;quot;,53.5],PARAMETER[&amp;quot;Latitude_Of_Origin&amp;quot;,0.0],UNIT[&amp;quot;Meter&amp;quot;,1.0],AUTHORITY[&amp;quot;EPSG&amp;quot;,3162]]&lt;/WKT&gt;&lt;XOrigin&gt;-35121300&lt;/XOrigin&gt;&lt;YOrigin&gt;-18032700&lt;/YOrigin&gt;&lt;XYScale&gt;124921975.83361751&lt;/XYScale&gt;&lt;ZOrigin&gt;-100000&lt;/ZOrigin&gt;&lt;ZScale&gt;10000&lt;/ZScale&gt;&lt;MOrigin&gt;-100000&lt;/MOrigin&gt;&lt;MScale&gt;10000&lt;/MScale&gt;&lt;XYTolerance&gt;0.001&lt;/XYTolerance&gt;&lt;ZTolerance&gt;0.001&lt;/ZTolerance&gt;&lt;MTolerance&gt;0.001&lt;/MTolerance&gt;&lt;HighPrecision&gt;true&lt;/HighPrecision&gt;&lt;WKID&gt;3162&lt;/WKID&gt;&lt;LatestWKID&gt;3162&lt;/LatestWKID&gt;&lt;/ProjectedCoordinateSystem&gt;</peXml></coordRef></DataProperties><SyncDate>20190228</SyncDate><SyncTime>10045200</SyncTime><ModDate>20190228</ModDate><ModTime>10045200</ModTime></Esri><dataIdInfo><envirDesc Sync="TRUE">Microsoft Windows 10 Version 10.0 (Build 16299) ; Esri ArcGIS 12.2.0.12813</envirDesc><dataLang><languageCode value="eng" Sync="TRUE"></languageCode><countryCode value="CAN" Sync="TRUE"></countryCode></dataLang><idCitation><resTitle Sync="TRUE">OFBN_Grid</resTitle><presForm><PresFormCd value="005" Sync="TRUE"></PresFormCd></presForm></idCitation><spatRpType><SpatRepTypCd value="001" Sync="TRUE"></SpatRepTypCd></spatRpType></dataIdInfo><mdLang><languageCode value="eng" Sync="TRUE"></languageCode><countryCode value="CAN" Sync="TRUE"></countryCode></mdLang><distInfo><distFormat><formatName Sync="TRUE">Shapefile</formatName></distFormat><distTranOps><transSize Sync="TRUE">0.000</transSize></distTranOps></distInfo><mdHrLv><ScopeCd value="005" Sync="TRUE"></ScopeCd></mdHrLv><mdHrLvName Sync="TRUE">dataset</mdHrLvName><refSysInfo><RefSystem><refSysID><identCode code="3162" Sync="TRUE"></identCode><idCodeSpace Sync="TRUE">EPSG</idCodeSpace><idVersion Sync="TRUE">6.15(9.3.0.0)</idVersion></refSysID></RefSystem></refSysInfo><spatRepInfo><VectSpatRep><geometObjs Name="OFBN_Grid"><geoObjTyp><GeoObjTypCd value="002" Sync="TRUE"></GeoObjTypCd></geoObjTyp><geoObjCnt Sync="TRUE">0</geoObjCnt></geometObjs><topLvl><TopoLevCd value="001" Sync="TRUE"></TopoLevCd></topLvl></VectSpatRep></spatRepInfo><spdoinfo><ptvctinf><esriterm Name="OFBN_Grid"><efeatyp Sync="TRUE">Simple</efeatyp><efeageom code="4" Sync="TRUE"></efeageom><esritopo Sync="TRUE">FALSE</esritopo><efeacnt Sync="TRUE">0</efeacnt><spindex Sync="TRUE">FALSE</spindex><linrefer Sync="TRUE">FALSE</linrefer></esriterm></ptvctinf></spdoinfo><eainfo><detailed Name="OFBN_Grid"><enttyp><enttypl Sync="TRUE">OFBN_Grid</enttypl><enttypt Sync="TRUE">Feature Class</enttypt><enttypc Sync="TRUE">0</enttypc></enttyp><attr><attrlabl Sync="TRUE">FID</attrlabl><attalias Sync="TRUE">FID</attalias><attrtype Sync="TRUE">OID</attrtype><attwidth Sync="TRUE">4</attwidth><atprecis Sync="TRUE">0</atprecis><attscale Sync="TRUE">0</attscale><attrdef Sync="TRUE">Internal feature number.</attrdef><attrdefs Sync="TRUE">Esri</attrdefs><attrdomv><udom Sync="TRUE">Sequential unique whole numbers that are automatically generated.</udom></attrdomv></attr><attr><attrlabl Sync="TRUE">Shape</attrlabl><attalias Sync="TRUE">Shape</attalias><attrtype Sync="TRUE">Geometry</attrtype><attwidth Sync="TRUE">0</attwidth><atprecis Sync="TRUE">0</atprecis><attscale Sync="TRUE">0</attscale><attrdef Sync="TRUE">Feature geometry.</attrdef><attrdefs Sync="TRUE">Esri</attrdefs><attrdomv><udom Sync="TRUE">Coordinates defining the features.</udom></attrdomv></attr><attr><attrlabl Sync="TRUE">Grid_code</attrlabl><attalias Sync="TRUE">Grid_code</attalias><attrtype Sync="TRUE">String</attrtype><attwidth Sync="TRUE">254</attwidth><atprecis Sync="TRUE">0</atprecis><attscale Sync="TRUE">0</attscale></attr><attr><attrlabl Sync="TRUE">Plot</attrlabl><attalias Sync="TRUE">Plot</attalias><attrtype Sync="TRUE">Double</attrtype><attwidth Sync="TRUE">19</attwidth><atprecis Sync="TRUE">0</atprecis><attscale Sync="TRUE">0</attscale></attr></detailed></eainfo><mdDateSt Sync="TRUE">20190228</mdDateSt></metadata>
